Name,Estimated unvaccinated prevalence,Estimated vaccinated prevalence,Reported prevalence,Underreporting factor,Delay factor,Estimated prevalence
Entire state,0.003529,0.003529,0.001377,2.3092,1.1096,0.003529
Fairfield,0.003581,0.003581,0.001533,2.336,1.0,0.003581
Hartford,0.004989,0.004989,0.001442,2.3017,1.5029,0.004989
Litchfield,0.003195,0.003195,0.001148,2.3107,1.2047,0.003195
Middlesex,0.002341,0.002341,0.001016,2.3047,1.0,0.002341
New Haven,0.003445,0.003445,0.001457,2.2987,1.0289,0.003445
New London,0.004043,0.004043,0.001278,2.2926,1.3796,0.004043
Tolland,0.001955,0.001955,0.000843,2.2831,1.0161,0.001955
Windham,0.001987,0.001987,0.000754,2.2732,1.16,0.001987
