Name,Estimated unvaccinated prevalence,Estimated vaccinated prevalence,Reported prevalence,Underreporting factor,Delay factor,Estimated prevalence
Entire state,0.001878,0.001878,0.00082,2.2906,1.0,0.001878
Hawaii,0.001943,0.001943,0.000675,2.2395,1.2857,0.001943
Honolulu,0.001972,0.001972,0.000853,2.3121,1.0,0.001972
Kauai,0.002963,0.002963,0.000913,2.2972,1.413,0.002963
Maui,0.001758,0.001758,0.000782,2.247,1.0,0.001758
