Name,Estimated unvaccinated prevalence,Estimated vaccinated prevalence,Reported prevalence,Underreporting factor,Delay factor,Estimated prevalence
Entire state,0.004498,0.004498,0.001812,2.3292,1.0655,0.004498
Bristol,0.003267,0.003267,0.001423,2.2613,1.0149,0.003267
Kent,0.005723,0.005723,0.002009,2.3121,1.2322,0.005723
Newport,0.002854,0.002854,0.001218,2.3427,1.0,0.002854
Providence,0.004461,0.004461,0.001826,2.325,1.0505,0.004461
Washington,0.004163,0.004163,0.001672,2.406,1.0347,0.004163
